 [{
		"category_id": 1,
		"category_name": "Accommodation",
		"parent_category_id": 0,
		"language_id": 0,
		"status": true
  }, {
		"category_id": 2,
		"category_name": "Agriculture",
		"parent_category_id": 0,
		"language_id": 0,
		"status": true
  }, {
		"category_id": 3,
		"category_name": "Beauty",
		"parent_category_id": 0,
		"language_id": 0,
		"status": true
  }, {
		"category_id": 4,
		"category_name": "Construction",
		"parent_category_id": 0,
		"language_id": 0,
		"status": true
  }, {
		"category_id": 5,
		"category_name": "Education",
		"parent_category_id": 0,
		"language_id": 0,
		"status": true
  }, {
		"category_id": 6,
		"category_name": "Emergency",
		"parent_category_id": 0,
		"language_id": 0,
		"status": true
  }, {
		"category_id": 7,
		"category_name": "Entertainment",
		"parent_category_id": 0,
		"language_id": 0,
		"status": true
  }, {
		"category_id": 8,
		"category_name": "Fashion",
		"parent_category_id": 0,
		"language_id": 0,
		"status": true
  }, {
		"category_id": 9,
		"category_name": "Festive & Functions",
		"parent_category_id": 0,
		"language_id": 0,
		"status": true
  }, {
		"category_id": 10,
		"category_name": "Financial Services",
		"parent_category_id": 0,
		"language_id": 0,
		"status": true
  }, {
		"category_id": 11,
		"category_name": "Food",
		"parent_category_id": 0,
		"language_id": 0,
		"status": true
  }, {
		"category_id": 12,
		"category_name": "Government Services",
		"parent_category_id": 0,
		"language_id": 0,
		"status": true
  }, {
		"category_id": 13,
		"category_name": "Grocery",
		"parent_category_id": 0,
		"language_id": 0,
		"status": true
  }, {
		"category_id": 14,
		"category_name": "Jobs/Recruitment",
		"parent_category_id": 0,
		"language_id": 0,
		"status": true
  }, {
		"category_id": 15,
		"category_name": "Lawyer/Advisor",
		"parent_category_id": 0,
		"language_id": 0,
		"status": true
  }, {
		"category_id": 16,
		"category_name": "Textile",
		"parent_category_id": 0,
		"language_id": 0,
		"status": true
  }, {
		"category_id": 17,
		"category_name": "Technology",
		"parent_category_id": 0,
		"language_id": 0,
		"status": true
  }, {
		"category_id": 18,
		"category_name": "Transport",
		"parent_category_id": 0,
		"language_id": 0,
		"status": true
  }, {
		"category_id": 19,
		"category_name": "Other",
		"parent_category_id": 0,
		"language_id": 0,
		"status": true
  }, {
		"category_id": 20,
		"category_name": "Hotel",
		"parent_category_id": 1,
		"language_id": 0,
		"status": true
  }, {
		"category_id": 21,
		"category_name": "Lodging",
		"parent_category_id": 1,
		"language_id": 0,
		"status": true
  }, {
		"category_id": 22,
		"category_name": "Hostels",
		"parent_category_id": 1,
		"language_id": 0,
		"status": true
  }, {
		"category_id": 23,
		"category_name": "Renting options",
		"parent_category_id": 1,
		"language_id": 0,
		"status": true
  }, {
		"category_id": 24,
		"category_name": "Fertilizers",
		"parent_category_id": 2,
		"language_id": 0,
		"status": true
  }, {
		"category_id": 25,
		"category_name": "Agri Equipments",
		"parent_category_id": 2,
		"language_id": 0,
		"status": true
  }, {
		"category_id": 26,
		"category_name": "Markets",
		"parent_category_id": 2,
		"language_id": 0,
		"status": true
  }, {
		"category_id": 27,
		"category_name": "Agents/Dealers",
		"parent_category_id": 2,
		"language_id": 0,
		"status": true
  }, {
		"category_id": 28,
		"category_name": "Cattle Docs & Services",
		"parent_category_id": 2,
		"language_id": 0,
		"status": true
  }, {
		"category_id": 29,
		"category_name": "Gents Beauty Parlor",
		"parent_category_id": 3,
		"language_id": 0,
		"status": true
  }, {
		"category_id": 30,
		"category_name": "Ladies Beauty Parlor",
		"parent_category_id": 3,
		"language_id": 0,
		"status": true
  }, {
		"category_id": 31,
		"category_name": "Spa & Massage Centers",
		"parent_category_id": 3,
		"language_id": 0,
		"status": true
  }, {
		"category_id": 32,
		"category_name": "Beauty Accessories Shops",
		"parent_category_id": 3,
		"language_id": 0,
		"status": true
  }, {
		"category_id": 33,
		"category_name": "Builders",
		"parent_category_id": 4,
		"language_id": 0,
		"status": true
  }, {
		"category_id": 34,
		"category_name": "Traders",
		"parent_category_id": 4,
		"language_id": 0,
		"status": true
  }, {
		"category_id": 35,
		"category_name": "Universities/Colleges",
		"parent_category_id": 5,
		"language_id": 0,
		"status": true
  }, {
		"category_id": 36,
		"category_name": "Schools",
		"parent_category_id": 5,
		"language_id": 0,
		"status": true
  }, {
		"category_id": 37,
		"category_name": "Vocational Education",
		"parent_category_id": 5,
		"language_id": 0,
		"status": true
  }, {
		"category_id": 38,
		"category_name": "Private Tuitions, Coaching",
		"parent_category_id": 5,
		"language_id": 0,
		"status": true
  }, {
		"category_id": 39,
		"category_name": "Educational Material Shoppers",
		"parent_category_id": 5,
		"language_id": 0,
		"status": true
  }, {
		"category_id": 40,
		"category_name": "Hospitals",
		"parent_category_id": 6,
		"language_id": 0,
		"status": true
  }, {
		"category_id": 41,
		"category_name": "Police",
		"parent_category_id": 6,
		"language_id": 0,
		"status": true
  }, {
		"category_id": 42,
		"category_name": "Fire Brigade",
		"parent_category_id": 6,
		"language_id": 0,
		"status": true
  }, {
		"category_id": 43,
		"category_name": "Towing",
		"parent_category_id": 6,
		"language_id": 0,
		"status": true
  }, {
		"category_id": 44,
		"category_name": "Blood Bank",
		"parent_category_id": 6,
		"language_id": 0,
		"status": true
  }, {
		"category_id": 45,
		"category_name": "Ambulance",
		"parent_category_id": 6,
		"language_id": 0,
		"status": true
  }, {
		"category_id": 46,
		"category_name": "Security Services",
		"parent_category_id": 6,
		"language_id": 0,
		"status": true
  }, {
		"category_id": 47,
		"category_name": "Movies",
		"parent_category_id": 7,
		"language_id": 0,
		"status": true
  }, {
		"category_id": 48,
		"category_name": "Shows",
		"parent_category_id": 7,
		"language_id": 0,
		"status": true
  }, {
		"category_id": 49,
		"category_name": "Games",
		"parent_category_id": 7,
		"language_id": 0,
		"status": true
  }, {
		"category_id": 50,
		"category_name": "Sports Matches",
		"parent_category_id": 7,
		"language_id": 0,
		"status": true
  }, {
		"category_id": 51,
		"category_name": "Sports Shoppe",
		"parent_category_id": 7,
		"language_id": 0,
		"status": true
  }, {
		"category_id": 52,
		"category_name": "Clothes",
		"parent_category_id": 8,
		"language_id": 0,
		"status": true
  }, {
		"category_id": 53,
		"category_name": "Footwear’s",
		"parent_category_id": 8,
		"language_id": 0,
		"status": true
  }, {
		"category_id": 54,
		"category_name": "Other accessories",
		"parent_category_id": 8,
		"language_id": 0,
		"status": true
  }, {
		"category_id": 55,
		"category_name": "Jewelery",
		"parent_category_id": 8,
		"language_id": 0,
		"status": true
  }, {
		"category_id": 56,
		"category_name": "Marriages",
		"parent_category_id": 9,
		"language_id": 0,
		"status": true
  }, {
		"category_id": 57,
		"category_name": "Halls, Lawns",
		"parent_category_id": 9,
		"language_id": 0,
		"status": true
  }, {
		"category_id": 58,
		"category_name": "Musicians, Bands",
		"parent_category_id": 9,
		"language_id": 0,
		"status": true
  }, {
		"category_id": 59,
		"category_name": "Catering",
		"parent_category_id": 9,
		"language_id": 0,
		"status": true
  }, {
		"category_id": 60,
		"category_name": "Photography",
		"parent_category_id": 9,
		"language_id": 0,
		"status": true
  }, {
		"category_id": 61,
		"category_name": "Sound Services",
		"parent_category_id": 9,
		"language_id": 0,
		"status": true
  }, {
		"category_id": 62,
		"category_name": "Event Management Services",
		"parent_category_id": 9,
		"language_id": 0,
		"status": true
  }, {
		"category_id": 63,
		"category_name": "Beauticians",
		"parent_category_id": 9,
		"language_id": 0,
		"status": true
  }, {
		"category_id": 64,
		"category_name": "Clothes and Accessories",
		"parent_category_id": 9,
		"language_id": 0,
		"status": true
  }, {
		"category_id": 65,
		"category_name": "Costume Designers/Tailors",
		"parent_category_id": 9,
		"language_id": 0,
		"status": true
  }, {
		"category_id": 66,
		"category_name": "Other",
		"parent_category_id": 9,
		"language_id": 0,
		"status": true
  }, {
		"category_id": 67,
		"category_name": "Loans",
		"parent_category_id": 10,
		"language_id": 0,
		"status": true
  }, {
		"category_id": 68,
		"category_name": "Taxes",
		"parent_category_id": 10,
		"language_id": 0,
		"status": true
  }, {
		"category_id": 69,
		"category_name": "Insurance",
		"parent_category_id": 10,
		"language_id": 0,
		"status": true
  }, {
		"category_id": 70,
		"category_name": "Investments",
		"parent_category_id": 10,
		"language_id": 0,
		"status": true
  }, {
		"category_id": 71,
		"category_name": "CA",
		"parent_category_id": 10,
		"language_id": 0,
		"status": true
  }, {
		"category_id": 72,
		"category_name": "CS",
		"parent_category_id": 10,
		"language_id": 0,
		"status": true
  }, {
		"category_id": 73,
		"category_name": "Advisors",
		"parent_category_id": 10,
		"language_id": 0,
		"status": true
  }, {
		"category_id": 74,
		"category_name": "Restaurants",
		"parent_category_id": 11,
		"language_id": 0,
		"status": true
  }, {
		"category_id": 75,
		"category_name": "Takeaway",
		"parent_category_id": 11,
		"language_id": 0,
		"status": true
  }, {
		"category_id": 76,
		"category_name": "Breakfast",
		"parent_category_id": 11,
		"language_id": 0,
		"status": true
  }, {
		"category_id": 77,
		"category_name": "Juice",
		"parent_category_id": 11,
		"language_id": 0,
		"status": true
  }, {
		"category_id": 78,
		"category_name": "Ice Cream Parlour",
		"parent_category_id": 11,
		"language_id": 0,
		"status": true
  }, {
		"category_id": 79,
		"category_name": "Rationing",
		"parent_category_id": 12,
		"language_id": 0,
		"status": true
  }, {
		"category_id": 80,
		"category_name": "AdhaarCard",
		"parent_category_id": 12,
		"language_id": 0,
		"status": true
  }, {
		"category_id": 81,
		"category_name": "Election Services",
		"parent_category_id": 12,
		"language_id": 0,
		"status": true
  }, {
		"category_id": 82,
		"category_name": "Other",
		"parent_category_id": 12,
		"language_id": 0,
		"status": true
  }, {
		"category_id": 83,
		"category_name": "Grocery Shops",
		"parent_category_id": 13,
		"language_id": 0,
		"status": true
  }, {
		"category_id": 84,
		"category_name": "Bakeries",
		"parent_category_id": 13,
		"language_id": 0,
		"status": true
  }, {
		"category_id": 85,
		"category_name": "Recruitment Agencies",
		"parent_category_id": 14,
		"language_id": 0,
		"status": true
  }, {
		"category_id": 86,
		"category_name": "Job Vacancies",
		"parent_category_id": 14,
		"language_id": 0,
		"status": true
  }, {
		"category_id": 87,
		"category_name": "Contractors",
		"parent_category_id": 14,
		"language_id": 0,
		"status": true
  }, {
		"category_id": 88,
		"category_name": "Court Lawyers",
		"parent_category_id": 15,
		"language_id": 0,
		"status": true
  }, {
		"category_id": 89,
		"category_name": "Offices",
		"parent_category_id": 15,
		"language_id": 0,
		"status": true
  }, {
		"category_id": 90,
		"category_name": "Pre-Production services",
		"parent_category_id": 16,
		"language_id": 0,
		"status": true
  }, {
		"category_id": 91,
		"category_name": "Production services",
		"parent_category_id": 16,
		"language_id": 0,
		"status": true
  }, {
		"category_id": 92,
		"category_name": "Processing Services",
		"parent_category_id": 16,
		"language_id": 0,
		"status": true
  }, {
		"category_id": 93,
		"category_name": "Post processing Services",
		"parent_category_id": 16,
		"language_id": 0,
		"status": true
  }, {
		"category_id": 94,
		"category_name": "Dealers/Agents",
		"parent_category_id": 16,
		"language_id": 0,
		"status": true
  }, {
		"category_id": 95,
		"category_name": "Mobile Buy Sell Repair Recharge",
		"parent_category_id": 17,
		"language_id": 0,
		"status": true
  }, {
		"category_id": 96,
		"category_name": "Landline Buy Sell Repair Recharge",
		"parent_category_id": 17,
		"language_id": 0,
		"status": true
  }, {
		"category_id": 97,
		"category_name": "Laptop/computer Buy Sell Repair Internet Services/Recharge",
		"parent_category_id": 17,
		"language_id": 0,
		"status": true
  }, {
		"category_id": 98,
		"category_name": "Renting options",
		"parent_category_id": 17,
		"language_id": 0,
		"status": true
  }, {
		"category_id": 99,
		"category_name": "Rent a vehicle",
		"parent_category_id": 18,
		"language_id": 0,
		"status": true
  }, {
		"category_id": 100,
		"category_name": "Buy a vehicle",
		"parent_category_id": 18,
		"language_id": 0,
		"status": true
  }, {
		"category_id": 101,
		"category_name": "Repair a vehicle",
		"parent_category_id": 18,
		"language_id": 0,
		"status": true
  }, {
		"category_id": 102,
		"category_name": "Decorate a vehicle",
		"parent_category_id": 18,
		"language_id": 0,
		"status": true
  }, {
		"category_id": 103,
		"category_name": "Veterinary Doctors",
		"parent_category_id": 19,
		"language_id": 0,
		"status": true
  }, {
		"category_id": 104,
		"category_name": "NGO Services",
		"parent_category_id": 19,
		"language_id": 0,
		"status": true
  }, {
		"category_id": 105,
		"category_name": "Birthday Wishes",
		"parent_category_id": 19,
		"language_id": 0,
		"status": true
  }, {
		"category_id": 106,
		"category_name": "Digital Flex Boards",
		"parent_category_id": 19,
		"language_id": 0,
		"status": true
  }
  
  
  
  ]