{
    
    "Categories": [
                   "Accommodation",
                   "Agriculture",
                   "Beauty",
                   "Construction",
                   "Education",
                   "Emergency",
                   "Entertainment",
                   "Fashion",
                   "Festive & Functions",
                   "Financial Services",
                   "Food",
                   "Government Services",
                   "Grocery",
                   "Jobs/Recruitment",
                   "Lawyer/Advisor",
                   "Textile",
                   "Technology",
                   "Transport",
                   "Other"
                   ],
    "Emergency": {
        "Categories": [
                       "Hospitals",
                       "Police",
                       "Fire Brigade",
                       "Towing",
                       "Blood Bank",
                       "Ambulance",
                       "Security Services"
                       ],
        
        "Hospitals": {},
        "Police": {},
        "Fire Brigade": {},
        "Towing": {},
        "Blood Bank": {},
        "Ambulance": {},
        "Security Services": {}
    },
    "Government Services": {
        "Categories": [
                       "Rationing",
                       "AdhaarCard",
                       "Election Services",
                       "Other"
                       ],
        "Rationing": {},
        "AdhaarCard": {},
        "Election Services": {},
        "Other": {}
    },
    
    "Construction" : {
        "Categories" : [
                        "Builders",
                        "Traders"
                        ],
        "Builders" :[
                    {
                    "vendorName": "Mathura Complex",
                    "vendorDisplayName": "Mathura Complex",
                    "address": "Near Mathura Highschool, Ichalkaranji",
                    "imageName" : "vendor_9",
                    "contact": "9860609696",
                    "mobile": "9960609696"
                    }],
        "Traders" :[
                    {
                    "vendorName": "Vastu Traders",
                    "vendorDisplayName": "Vastu Traders",
                    "address": "Galli No. 7, Shahunagar, Chnadur",
                    "imageName" : "vendor_2",
                    "contact": "0231-254254",
                    "mobile": "9404121212"
                    }]
        
    },
    "Food": {
        "Categories": [
                       "Restaurants",
                       "Takeaway",
                       "Breakfast",
                       "Juice",
                       "Ice Cream Parlour"
                       ],
        
        "Restaurants": {},
        "Takeaway": {},
        "Breakfast": {},
        "Juice": {},
        "Ice Cream Parlour" :[
                              {
                              "vendorName": "Baskin Robbins",
                              "vendorDisplayName": "Baskin Robbins Ice cream parlour",
                              "address": "Shop No. 5, Patrika plaza, Near HDFC Bank ATM, Next to ASC college",
                              "imageName" : "vendor",
                              "contact": "0231-254254",
                              "mobile": "9404121212"
                              }]
    },
    "Accommodation": {
        "Categories": [
                       "Hotel",
                       "Lodging",
                       "Hostels",
                       "Renting options"
                       ],
        
        "Hotel": [
                  {
                  "vendorName": "Hotel Najuka (Pure Veg)",
                  "vendorDisplayName": "Hotel Najuka",
                  "address": "Sundar Baag, Mothe Tale, Ichalkaranji",
                  "contact": "",
                  "imageName" : "Banner Hotel Najuka",
                  "mobile": "9730596842"
                  }],
        "Plumbing Services": {},
        "Electrician": {},
        "Carpenter": {},
        "Other": {},
        "Architecture": {},
        "Interior Designer": {}
    },
    "Transport": {
        "Categories": [
                       "Rent a vehicle",
                       "Buy a vehicle",
                       "Repair a vehicle",
                       "Decorate a vehicle"
                       ],
        "Rent a vehicle": {},
        "Buy a vehicle": {},
        "Repair a vehicle": {},
        "Decorate a vehicle": {}
    },
    "Entertainment": {
        "Categories": [
                       "Movies",
                       "Shows",
                       "Games",
                       "Sports Matches",
                       "Sports Shoppe"
                       ],
        "Movies": {},
        "Shows": {},
        "Games": {},
        "Sports Matches": {},
        "Sports Shoppe": {}
    },
    "Financial Services": {
        "Categories": [
                       "Loans",
                       "Taxes",
                       "Insurance",
                       "Investments",
                       "CA",
                       "CS",
                       "Advisors"
                       ],
        "Loans": [
                  {
                  "vendorName": "Shri Balaji Nagri Sahakari Patsanstha Ltd., Ichalkaranji",
                  "vendorDisplayName": "Balaji Patsanstha",
                  "address": "Balaji Nagar, Ichalkaranji",
                  "imageName" : "Banner Balaji Pathsanstha",
                  "contact": "0231-254254",
                  "mobile": "9404121212"
                  }],
        "Taxes": {},
        "Insurance": {},
        "Investments": {},
        "CA": {},
        "CS": {},
        "Advisors": {}
    },
    "Fashion": {
        "Categories": [
                       "Clothes",
                       "Footwear’s",
                       "Other accessories",
                       "Jewelery"
                       ],
        "Clothes": [
                    {
                    "vendorName": "Gangaram Apparels",
                    "vendorDisplayName": "Gangaram Apparels - Mens Collection",
                    "address": "Near ASC College, Ichalkaranji",
                    "imageName" : "vendor_1",
                    "contact": "0231-2429943",
                    "mobile": "9999999999"
                    }],
        "Footwear’s": {},
        "Other accessories": {},
        "Jewelery": [
                     {
                     "vendorName": "M/s. Tuljaram Saraf",
                     "vendorDisplayName": "M/s. Tuljaram Saraf",
                     "address": "\"Suprabhat\" Sambhaji Chowk, Ichalkaranji",
                     "imageName" : "vendor_4",
                     "contact": "0231-2420364",
                     "mobile": "9999999999"
                     }]
    },
    "Education": {
        "Categories": [
                       "Universities/Colleges",
                       "Schools",
                       "Vocational Education",
                       "Private Tuitions, Coaching",
                       "Educational Material Shoppers"
                       ],
        "Universities/Colleges": {},
        "Schools": [
                    {
                    "vendorName": "Podar International School",
                    "vendorDisplayName": "Podar International School",
                    "address": "Ichalkaranji",
                    "imageName" : "vendor_7",
                    "contact": "0231-2431035",
                    "mobile": "9422512767"
                    }],
        "Vocational Education": {},
        "Private Tuitions, Coaching": [
                                       {
                                       "vendorName": "Kabade Classes",
                                       "vendorDisplayName": "Kabade Classes",
                                       "address": "Ring Road, Nakoda Nagar, Ichalkaranji",
                                       "imageName" : "Banner Kabade Classes",
                                       "contact": "0231-2431035",
                                       "mobile": "9422512767"
                                       }],
        "Educational Material Shoppers": {}
    },
    "Technology": {
        "Categories": [
                       "Mobile Buy Sell Repair Recharge",
                       "Landline Buy Sell Repair Recharge",
                       "Laptop/computer Buy Sell Repair Internet Services/Recharge",
                       "Renting options"
                       ],
        "Mobile Buy Sell Repair Recharge": {},
        "Landline Buy Sell Repair Recharge": {},
        "Laptop/computer Buy Sell Repair Internet Services/Recharge": {},
        "Renting options": {}
    },
    "Textile": {
        "Categories": [
                       "Pre-Production services",
                       "Production services",
                       "Processing Services",
                       "Post processing Services",
                       "Dealers/Agents"
                       ],
        "Pre-Production services": {},
        "Production services": {},
        "Processing Services": {},
        "Post processing Services": {},
        "Dealers/Agents": [
                           {
                           "vendorName": "Ichalkaranji Mills",
                           "vendorDisplayName": "Ichalkaranji Mills",
                           "address": "Dummy address of Ichalkaranji",
                           "contact": "0230-11111111",
                           "imageName" : "Banner 1",
                           "mobile": "9822222222"
                           }]
    },
    "Festive & Functions": {
        "Categories": [
                       "Marriages",
                       "Halls, Lawns",
                       "Musicians, Bands",
                       "Catering",
                       "Photography",
                       "Sound Services",
                       "Event Management Services",
                       "Beauticians",
                       "Clothes and Accessories",
                       "Costume Designers/Tailors",
                       "Other"
                       ],
        "Marriages": {},
        "Halls, Lawns": {},
        "Musicians, Bands": {},
        "Catering": {},
        "Photography": {},
        "Sound Services": {},
        "Event Management Services": {},
        "Beauticians": {},
        "Clothes and Accessories": {},
        "Costume Designers/Tailors": {},
        "Other": {}
    },
    "Agriculture": {
        "Categories": [
                       "Fertilizers",
                       "Agri Equipments",
                       "Markets",
                       "Agents/Dealers",
                       "Cattle Docs & Services"
                       ],
        "Fertilizers": {},
        "Agri Equipments": {},
        "Markets": {},
        "Agents/Dealers": {},
        "Cattle Docs & Services": {}
    },
    "Jobs/Recruitment": {
        "Categories": [
                       "Recruitment Agencies",
                       "Job Vacancies",
                       "Contractors"
                       ],
        "Recruitment Agencies": {},
        "Job Vacancies": {},
        "Contractors": {}
    },
    "Lawyer/Advisor": {
        "Categories": [
                       "Court Lawyers",
                       "Offices"
                       ],
        "Court Lawyers": {},
        "Offices": {}
    },
    "Grocery": {
        "Categories": [
                       "Grocery Shops",
                       "Bakeries"
                       ],
        "Grocery Shops": {},
        "Bakeries": [
                     {
                     "vendorName": "Balaji Bakers",
                     "vendorDisplayName": "Balaji Bakers",
                     "address": "Zenda Chowk, Sangli naka, ASC College",
                     "contact": "0230-22222222",
                     "imageName" : "Banner Balaji Bakers",
                     "mobile": "9822222222"
                     }]
    },
    "Beauty": {
        "Categories": [
                       "Gents Beauty Parlor",
                       "Ladies Beauty Parlor",
                       "Spa & Massage Centers",
                       "Beauty Accessories Shops"
                       ],
        "Gents Beauty Parlor": {},
        "Ladies Beauty Parlor": {},
        "Spa & Massage Centers": {},
        "Beauty Accessories Shops": {}
    },
    "Other": {
        "Categories": [
                       "Veterinary Doctors",
                       "NGO Services",
                       "Birthday Wishes",
                       "Digital Flex Boards"
                       ],
        "Veterinary Doctors": {},
        "NGO Services": {},
        "Birthday Wishes": {},
        "Digital Flex Boards": [
                                {
                                "vendorName": "Vaishnavi Digital",
                                "vendorDisplayName": "Vaishnavi Digital",
                                "address": "ST Stand, Patil Building",
                                "contact": "9922772887",
                                "imageName" : "vendor_3",
                                "mobile": "7841987304"
                                },{
                                "vendorName": "Pushpanjali Arts",
                                "vendorDisplayName": "Pushpanjali Arts",
                                "address": "Near Sakharpe Hospital, Ichalkaranji",
                                "contact": "9224756791",
                                "imageName" : "vendor_6",
                                "mobile": "9156056526"
                                }],
    }
}